Patient ID,FirstName,LastName,DateOfBirth,Gender,Phone,Email,Address
1044,Anika, Kumar,1992-01-22,Female,9386695209,1044.anika69@example.com,"L & T, Gate No.5, Sakivihar Road, Kulra (W), Mumbai – 400072 (0.46)"
1047,Aamya, Lal,1983-08-24,Female,9510116206,1047.aamya95@example.com,"Light Hall, Sakivihar Road, Kulra (W), Mumbai – 400072 (0.74)"
1001,Adah, Sharma,1964-06-12,Female,8646765171,1001.adah20@example.com,"Ashok Tower, Marva Road, Kulra (W), Mumbai – 400072 (0.29)"
1052,Anaisha, Shan,1985-11-29,Female,7211130878,1052.anaisha38@example.com,"Satair Lake side CHS, Mountain Bridge CHS (New Mhada Colony), Powai, JVL Road, Kulra (W), Mumbai – 400072 (0.632)"
1078,Bandita, Jai,1942-12-22,Female,7321240590,1078.bandita85@example.com,"Manav Sthal Heights, Marva Road, Kurla (w), Mumbai- 400072 (0.267)"
1007,Chaitali, Pal,1945-02-06,Female,6500908742,1007.chaitali74@example.com,"N.G. Complex, Marva  road, Kurla (w), Mumbai-400072 (0.225)"
1094,Chetana, Aggarwal,1971-02-15,Female,6753523836,1094.chetana19@example.com,"Ashok Vihar CHS, Marva Road, Kurla (W), Mumbai – 400072.(0.160)"
1058,Evanshi, Raje,1996-11-26,Female,6497267827,1058.evanshi91@example.com,"Udyan Society, Marwa Road, Kurla (W), Mumbai-400072 (0.139)"
1017,Firaki, Chande,1956-05-01,Female,7612500922,1017.firaki89@example.com,"Om Shanti complex Bhudhaji wadi lane,  Sakivihar road, Kurla (w), Mumbai-400072 (0.196)"
1019,Gina, Chander,1975-05-18,Female,6901855800,1019.gina96@example.com,"Harshvardhan Soc, Sakivihar Road, Kurla (W), Mumbai- 400072 (0.127)"
1080,Ganika, Nara,1993-12-20,Female,7332899497,1080.ganika86@example.com,"Adityavardhan Soc, (Aristocrat Lane), Kurla (W), Mumbai- 400072 (0.138)"
1021,Hiya, Rai,1971-01-21,Female,9967335432,1021.hiya18@example.com,"Tata Symphany CHS, Nahar Amrut Shakti Road, Kurla (W), Mumbai – 400072. (0.173)"
1032,Ila, Nath,1955-09-12,Female,9120897318,1032.ila28@example.com,"WoodLand Heights Soc, Nahar Amrut Road, Kurla (W), Mumbai-400072 (0.122)"
1097,Ishanvi, Goel,2002-03-04,Female,7917671368,1097.ishanvi60@example.com,"Ekta Lokmilan complex, Nahar Amrut Shakti Road, Kurla (W), Mumbai – 400072.(0.162)"
1027,Ira, Bhat,1955-02-20,Female,7584724087,1027.ira30@example.com,"Synchrom City CHS, Nahar Amrut Shakti Road, Kurla (W), Mumbai – 400072.(0.240)"
1006,Kaia, Raji,1938-04-20,Female,8434668226,1006.kaia48@example.com,"Fhirangi Pani CHS, Nahar Amrut Shakti Road, Kurla (W), Mumbai – 400072.(0.98)"
1073,Kayra, Anand,1987-09-28,Female,8233500602,1073.kayra41@example.com,"Fiorelo CHS, Nahar Amrut Shakti Road, Kurla (W), Mumbai – 400072.(0.98)"
1023,Keya, Suri,1995-08-01,Female,6905448254,1023.keya98@example.com,"Callalily XYZ CHS Ltd., Nahar Amrut Shakti Road, Kurla (W), Mumbai – 400072.(0.98)"
1061,Kimaya, Kapoor,1998-11-17,Female,8336461465,1061.kimaya46@example.com,"Zinnig CHS, Nahar Amrut Shakti Road, Kurla (W), Mumbai – 400072.(0.98)"
1062,Larisa, Chandra,1970-07-18,Female,6608069727,1062.larisa92@example.com,"Zara CHS, Nahar Amrut Shakti Road, Kurla (W), Mumbai – 400072. (0.99)"
1003,Mahira, Patel,1986-04-10,Female,6078748238,1003.mahira93@example.com,"Camellia CHS Ltd, Nahar Amrut Shakti Road, Kurla (W), Mumbai – 400072. (0.101)"
1030,Mishika, Verma,1973-09-14,Female,7605821912,1030.mishika43@example.com,"Evening Glory, Raheja Vihar, Kurla (W), Mumbai – 400072. (0.114)"
1089,Mayra, Malhotra,1993-11-21,Female,8730568765,1089.mayra87@example.com,"Maple leaf CHS Ltd, Raheja Vihar, Kurla (W), Mumbai – 400072.(0.466)"
1055,Naitee, Sai,1953-08-09,Female,6339755209,1055.naitee41@example.com,"Raheja Vihar Paradise, Raheja Vihar, Kurla (W), Mumbai – 400072.(0.198)"
1020,Neysa, Engineer,1978-04-05,Female,9496185572,1020.neysa30@example.com,"Hill Side CHS Ltd, Raheja Vihar, Kurla (W), Mumbai – 400072. (0.155)"
1014,Naisha, Arun,2000-06-05,Female,7856448544,1014.naisha35@example.com,"West End CHS Ltd, Raheja Vihar, Kurla (W), Mumbai – 400072.(0.130)"
1088,Pavati, Madan,1977-08-13,Female,6148659229,1088.pavati93@example.com,"Raheja Vista, Raheja Vihar, Kurla (W), Mumbai – 400072. (0.630)"
1004,Prisha, Srini,1980-09-29,Female,7689970310,1004.prisha13@example.com,"Lake Homes Federal CHS, Chandivali Farm Road, Kurla (W), Mumbai – 400072. (0.514)"
1022,Rachana, Prasad,1942-11-18,Female,6855039610,1022.rachana88@example.com,"Papillon Park, Nahar Amrut Shakti Road,  Kurla (W), Mumbai – 400072. (1.8)"
1065,Rutvi, Sara,1952-02-15,Female,9650540500,1065.rutvi70@example.com,"Sahyog Bldg No-26, Chandivali Farm Road, Kurla (W), Mumbai-400072 (0.250)"
1066,Saanvi, Rana,1957-03-01,Female,8580050817,1066.saanvi23@example.com,"Sunshine Bldg No-27, Chandivali Farm Road, Kurla (w), Mumbai-400072 (0.250)"
1092,Saisha, Raman,1976-07-03,Female,7402553499,1092.saisha63@example.com,"Sakivihar Complex Shetty Chemical Road, Sakinaka, Kurla (W), Mumbai-400072 (0.418)"
1034,Sahana, Subram,2004-06-13,Female,7554395051,1034.sahana25@example.com,"Bumrang, Chandivali Farm Road, Sakinaka, Kurla (W), Mumbai – 400072. (0.800)"
1090,Shreyanvi, Mehta,2005-03-16,Female,9108910174,1090.shreyanvi58@example.com,"Sagar Heights Soc, Ghatkopar-Andheri Link Road, Kurla (w), Mumbai-400072  (0.150)"
1038,Siara, Subramani,1973-09-06,Female,9502604703,1038.siara89@example.com,"Nausena Vihar, Nathani Road (Vidya vihar road), Kurla (W), Mumbai-400072 (0.174)"
1046,Tishya, Sethi,1948-11-19,Female,6230289948,1046.tishya49@example.com,"Finix Mall, Near Kamani Junction, Kurla (W), Mumbai- 400070. (0.500)"
1077,Taahira, Vijaya,1984-04-24,Female,8687015164,1077.taahira42@example.com,"Kohinoor City, Premier Road, Kurla (W), Mumbai- 400070.  (0.807)"
1069,Tanvi, Malik,1953-10-12,Female,6229111599,1069.tanvi94@example.com,"Shan Apartment CHS Ltd, Thakur Raghuraj Sing Marg, Near Patel wadi, Kurla (W), Mumbai – 400070.  (0.109)"
1053,Trihsika, Narayan,1996-01-06,Female,8747652671,1053.trihsika12@example.com,"Noor E Jahan - II CHS Ltd, Thakur Raghuraj Sing Marg, Near Patel wadi, Kurla (W), Mumbai – 400070.  (0.131)"
1008,Twisha, Mittal,1983-10-31,Female,7141723343,1008.twisha71@example.com,"Noor E Jahan - I CHS Ltd, Thakur Raghuraj Sing Marg, Near Patel wadi, Kurla (W), Mumbai – 400070.  (0.100)"
1056,Viha, Nita,2000-04-21,Female,9682192693,1056.viha56@example.com,"Bomabay Taximens CHS, L.B.S. Marg, Kurla (W), Mumbai- 400070.   (0.650)"
1016,Vihana, Kishore,1966-09-18,Female,9874273401,1016.vihana30@example.com,"Chhadawa Nagar CHS, Match Facotry Lane, Kurla (W), Mumbai- 400070.  (0.908)"
1071,Viti, Roy,1989-03-12,Female,6728318003,1071.viti50@example.com,"Kanakiya Zillion, L.B.S. Road, Kurla (W), Mumbai- 400070.  (0.100)"
1063,Varsha, Chaudhary,1988-08-27,Female,7036198448,1063.varsha29@example.com,"Sharad CHS Society, Kamgar Nagar Road, Mhada, Tilak Nagar, Kurla (E), Mumbai- 400089  (0.260)"
1018,Varali, Charan,1992-09-15,Female,9203858920,1018.varali12@example.com,"Kamgar Nagar CHS, Kamgar Nagar Road, Kurla (E), Mumbai- 400089   (0.350)"
1074,Yamini, Nigam,1993-02-14,Female,8181990624,1074.yamini47@example.com,"Gulzar Towar, Jagruti Nagar, Raghunath Chalke Marg, Kurla (E), Mumbai- 400089  (0.250)"
1050,Yashvi, Sen,1961-12-01,Female,9606260969,1050.yashvi57@example.com,"Sai Seva Krupa CHS, Razzak Ahmad Road, Near Navre Baug, Kurla (E), Mumbai- 400089  (0.230)"
1035,Aahva, Subramanian,1961-10-03,Male,7267583040,1035.aahva56@example.com,"Evrad Nagar Housing Society, Express Way, Aanik Dept. Road, Evrad Road, Evrad Nagar, Chunabhatti, Mumbai- 400022  (0.270)"
1072,Aadiv, Nirmal,1944-07-24,Male,9739285217,1072.aadiv51@example.com,"Lokmany Panbazar Housing Society, Panbazar Road, Evrad Road, Evrad Nagar, Sion, Chunabhatti, Mumbai- 400022 (0.200)"
1040,Aarav, Pawan,1989-10-13,Male,8055160134,1040.aarav44@example.com,"Samarth Nagar, V.N.Purav Marg, Near Chunabhatti Station, Chunabhatti, Mumbai – 400022   (0.195)"
1051,Aadvik, Manohar,1979-07-18,Male,8706630188,1051.aadvik89@example.com,HPCL
1098,Aahan, Sahni,1999-02-24,Male,6917922231,1098.aahan40@example.com,BARC
1024,Aakav, Lalit,1943-11-11,Male,8114456221,1024.aakav43@example.com,BPCL Colony
1042,Ashvik, Rajan,1935-05-14,Male,9208938365,1042.ashvik79@example.com,Godrej Serenity
1086,Atiksh, Sehgal,1971-07-29,Male,7779062034,1086.atiksh90@example.com,Satyam spring
1079,Bhuv, Uddin,1954-03-05,Male,7918771409,1079.bhuv44@example.com,Sai Sanskar Co. Op. Hsg. Soc.
1096,Bodhi, Saini,1977-10-27,Male,8897328961,1096.bodhi60@example.com,Gulabview
1060,Charvik, Neel,1965-05-26,Male,9023391861,1060.charvik96@example.com,Safal Twins
1083,Dasya, Jana,2005-04-17,Male,9898647929,1083.dasya41@example.com,Ban Ganga Society
1064,Daiwik, Darsha,1990-06-30,Male,6386057864,1064.daiwik64@example.com,Shankara Colony
1036,Darsh, Ranga,1989-03-27,Male,7079001462,1036.darsh50@example.com,Tata Colony
1013,Gian, Vish,1971-01-15,Male,9185856056,1013.gian95@example.com,Orchid Residency
1099,Ivaan, Mehra,1990-03-10,Male,6225450311,1099.ivaan51@example.com,TISS
1084,Idhant, Puri,1945-12-07,Male,9259184067,1084.idhant42@example.com,Raheja Acropolis – I
1076,Jash, Muthu,2004-09-08,Male,7325347789,1076.jash62@example.com,Raheja Acropolis – II
1026,Kabir, Gandhi,1979-06-05,Male,7178137285,1026.kabir61@example.com,Dattaguru Society
1067,Kahaan, Lata,1974-07-10,Male,6685016450,1067.kahaan68@example.com,Eden Garden
1048,Kiyansh, Chauhan,1965-11-06,Male,8035839556,1048.kiyansh47@example.com,Shabari Aashiyana
1043,Krishav, Saxena,1999-08-01,Male,6359886349,1043.krishav18@example.com,"Assisi Nagar Co. Hsg. Soc., P.L. Lokhande Marg"
1012,Laksh, Swami,1967-10-13,Male,6920694742,1012.laksh81@example.com,"Chempazanti Co. Hsg. Soc., P.L. Lokhande Marg"
1037,Luv, Neela,1997-06-26,Male,6614804767,1037.luv68@example.com,"Narayanguru Co. Hsg. Soc., P.L. Lokhande Marg"
1093,Manan, Chandrasekar,1937-01-22,Male,8015726728,1093.manan25@example.com,"Sanghamitra S.I.A., NearTilak Nagar Police Station"
1009,Naksh, Soni,1987-02-25,Male,7621612581,1009.naksh25@example.com,"Siddhivinayajk s.r.a. Tilak Nagar Railway station
Nalyajawal , Tilk Nagar"
1087,Nimit, Dhawan,1988-09-16,Male,9390707389,1087.nimit35@example.com,"Suni T6wer , 54 /B, B.N. 40 vi Galli , Tilak Nagar"
1054,Nirved, Nagpal,1983-10-21,Male,6096715227,1054.nirved62@example.com,"Rajashri Flooer B.N. 110, Tilak Nagar"
1028,Pranit, Joshi,1979-01-22,Male,7956464423,1028.pranit51@example.com,"Sargam Co-op Society B.N. 35, Tilak Nagar"
1011,Pahal, Krishnamurthy,1964-10-01,Male,6390356727,1011.pahal58@example.com,"Tilak Bhavan Road No.13, Tilak Nagar"
1002,Pranay, Persaud,1943-09-08,Male,6280369709,1002.pranay46@example.com,"Tara Naman B.N.95, Road No.13, Tilak Nagar"
1091,Rachit, Punj,1940-05-23,Male,6739044521,1091.rachit88@example.com,"Sukhsagar B.N. 70 Road No.13, Tilak Nagar"
1075,Reeyansh, Veena,1992-03-07,Male,9941744085,1075.reeyansh10@example.com,"Bhakti Hightes B.N. 122 opp. ICICI Bank , Tilak Nagar"
1033,Ridit, Mahajan,1976-12-14,Male,6040241324,1033.ridit80@example.com,"Annirudhha Co-op Hug.sco. B.N. 27 Bharat Khand , Raj
Marg Tilak Nagar"
1082,Rishit, Manju,1957-04-16,Male,6790780210,1082.rishit37@example.com,"Shantinikentan Co-op-hug.soc. B.N.30 Raj Marg, Tilak
Nagar"
1049,Rushil, Dutta,1977-11-29,Male,7115418467,1049.rushil23@example.com,"Kalpana Co-op- Hug. Society B.N.34 , Raj Marg, Tilak
Nagar"
1085,Sadhil, Sandeep,1974-06-11,Male,8598776223,1085.sadhil64@example.com,"Riliance Energy Office , Tilak Nagar opp. Police Station"
1005,Sarthak, Narang,1945-12-16,Male,9290427377,1005.sarthak64@example.com,"Rajkamal Co-op-Hug. Soc. B.N.08, S.R.A. Sulbha Special
School , Tilak Nagar"
1031,Shivansh, Naran,1997-09-18,Male,8702686806,1031.shivansh10@example.com,Durga Sandan co-op Soc. B.N.10 Tilak Nagar
1029,Taarush, Veer,1969-02-07,Male,8526655614,1029.taarush93@example.com,Pushpanjali Co-op Soc. B.N.11 Tilak Nagar
1045,Takh, Tyagi,1984-04-29,Male,8061958731,1045.takh81@example.com,Vaishali Co-op Soc. B.N.14 Tilak Nagar
1095,Vihaan, Samuel,1986-05-06,Male,9782249737,1095.vihaan58@example.com,Shidddhivinayak  Co-op Soc. B.N.19 Tilak Nagar
1025,Viransh, Srivastava,1942-07-21,Male,9675732750,1025.viransh60@example.com,Sainath   Co-op Soc. B.N.24 Tilak Nagar
1068,Viraj, Sudha,1939-02-24,Male,6691794038,1068.viraj27@example.com,Dakshata   Co-op Soc. B.N.25 Tilak Nagar
1070,Ved, Srivas,1971-12-24,Male,9475255896,1070.ved83@example.com,Ganga Tower  Co-op Soc. B.N.71 Tilak Nagar
1015,Yash, Mati,1993-10-11,Male,7872568303,1015.yash67@example.com,Varsha  Co-op Soc. B.N.55 Tilak Nagar
1039,Yug, Neelam,1998-10-12,Male,6250088141,1039.yug77@example.com,Shivsagar Co-op-hus.soc.B.N.51 Tilik Nagar
1059,Yuvaan, Rastogi,1943-12-30,Male,6025621837,1059.yuvaan31@example.com,Dhanjay Tower  Co-op Soc. B.N. 66 Tilak Nagar
1010,Zayan, Bhatt,1993-01-09,Male,7459257221,1010.zayan99@example.com,"Cheeda Nagar, Subramanyanm Math , Road No.1"
1041,Zuber, Rajagopal,1963-02-20,Male,7878826674,1041.zuber59@example.com,"Sugaran Mandir (Ganesh Mandir) , New Model School ,
Cheeda Nagar"
1111,Case,Lowe,1955-01-16,Male,9189181982,1057.case73@example.com,"Jai Amabe Omkar SRA Yashawant Nagar , Shel Coloney
Road , Service Road"
